 propety ,
 http://www.w3.org/2000/01/rdf-schema#label ,
 http://www.w3.org/2000/01/rdf-schema#comment ,
 http://www.w3.org/2002/07/owl#sameAs ,
 http://xmlns.com/foaf/0.1/name ,
 http://xmlns.com/foaf/0.1/topic ,
 http://www.w3.org/2007/05/powder-s#describedby ,
 http://xmlns.com/foaf/0.1/homepage ,
 http://purl.org/dc/terms/subject ,
 http://xmlns.com/foaf/0.1/isPrimaryTopicOf ,
 http://es.dbpedia.org/property/gabinete ,
 http://es.dbpedia.org/property/afiliaciones ,
 http://es.dbpedia.org/property/almaM�ter ,
 http://es.dbpedia.org/property/almam�ter ,
 http://es.dbpedia.org/property/cargo ,
 http://es.dbpedia.org/property/causaMuerte ,
 http://es.dbpedia.org/property/ciudadan�a ,
 http://es.dbpedia.org/property/conflictos ,
 http://es.dbpedia.org/property/c�nyuge ,
 http://es.dbpedia.org/property/distrito ,
 http://es.dbpedia.org/property/educaci�n ,
 http://es.dbpedia.org/property/escudo ,
 http://es.dbpedia.org/property/fechaDeFallecimiento ,
 http://es.dbpedia.org/property/fechaDeNacimiento ,
 http://es.dbpedia.org/property/final ,
 http://es.dbpedia.org/property/hijos ,
 http://es.dbpedia.org/property/imagen ,
 http://es.dbpedia.org/property/inicio ,
 http://es.dbpedia.org/property/lenguaMaterna ,
 http://es.dbpedia.org/property/lugarDeDescanso ,
 http://es.dbpedia.org/property/lugarDeFallecimiento ,
 http://es.dbpedia.org/property/lugarDeNacimiento ,
 http://es.dbpedia.org/property/nacionalidad ,
 http://es.dbpedia.org/property/nombre ,
 http://es.dbpedia.org/property/nombreCompleto ,
 http://es.dbpedia.org/property/nombreDeNacimiento ,
 http://es.dbpedia.org/property/nombreNativo ,
 http://es.dbpedia.org/property/ocupaci�n ,
 http://es.dbpedia.org/property/padres ,
 http://es.dbpedia.org/property/partido ,
 http://es.dbpedia.org/property/partidoPol�tico ,
 http://es.dbpedia.org/property/per�odo ,
 http://es.dbpedia.org/property/pieDeImagen ,
 http://es.dbpedia.org/property/pieimagen ,
 http://es.dbpedia.org/property/predecesor ,
 http://es.dbpedia.org/property/premios ,
 http://es.dbpedia.org/property/presidente ,
 http://es.dbpedia.org/property/primerministro ,
 http://es.dbpedia.org/property/profesi�n ,
 http://es.dbpedia.org/property/religi�n ,
 http://es.dbpedia.org/property/residencia ,
 http://es.dbpedia.org/property/sitioWeb ,
 http://es.dbpedia.org/property/sucesor ,
 http://es.dbpedia.org/property/tama�o ,
 http://es.dbpedia.org/property/t�tulo ,
 http://es.dbpedia.org/property/etnia ,
 http://es.dbpedia.org/property/monarca ,
 http://dbpedia.org/ontology/deathPlace ,
 http://dbpedia.org/ontology/birthPlace ,
 http://dbpedia.org/ontology/wikiPageID ,
 http://dbpedia.org/ontology/wikiPageRevisionID ,
 http://dbpedia.org/ontology/wikiPageExternalLink ,
 http://dbpedia.org/ontology/wikiPageLength ,
 http://dbpedia.org/ontology/child ,
 http://dbpedia.org/ontology/nationality ,
 http://dbpedia.org/ontology/occupation ,
 http://dbpedia.org/ontology/party ,
 http://dbpedia.org/ontology/profession ,
 http://dbpedia.org/ontology/religion ,
 http://dbpedia.org/ontology/residence ,
 http://dbpedia.org/ontology/successor ,
 http://www.w3.org/ns/prov#wasDerivedFrom ,
 http://dbpedia.org/ontology/abstract ,
 http://es.dbpedia.org/property/apellido ,
 http://es.dbpedia.org/property/a�o ,
 http://es.dbpedia.org/property/cap�tulo ,
 http://es.dbpedia.org/property/edici�n ,
 http://es.dbpedia.org/property/editorial ,
 http://es.dbpedia.org/property/empleador ,
 http://es.dbpedia.org/property/familiares ,
 http://es.dbpedia.org/property/fechaacceso ,
 http://es.dbpedia.org/property/isbn ,
 http://es.dbpedia.org/property/posgrado ,
 http://es.dbpedia.org/property/p�ginas ,
 http://es.dbpedia.org/property/seud�nimo ,
 http://es.dbpedia.org/property/sitioweb ,
 http://es.dbpedia.org/property/tama�oDeImagen ,
 http://es.dbpedia.org/property/tratamiento ,
 http://es.dbpedia.org/property/twitter ,
 http://es.dbpedia.org/property/ubicaci�n ,
 http://es.dbpedia.org/property/juntoa ,
 http://es.dbpedia.org/property/almaMater ,
 http://es.dbpedia.org/property/apellidos ,
 http://es.dbpedia.org/property/apodo ,
 http://es.dbpedia.org/property/cargoOcupado ,
 http://es.dbpedia.org/property/condena ,
 http://es.dbpedia.org/property/embajadorde ,
 http://es.dbpedia.org/property/fecha ,
 http://es.dbpedia.org/property/fechanac ,
 http://es.dbpedia.org/property/lugarnac ,
 http://es.dbpedia.org/property/n�mero ,
 http://es.dbpedia.org/property/ordenaci�nSacerdotal ,
 http://es.dbpedia.org/property/pareja ,
 http://es.dbpedia.org/property/pa�s ,
 http://es.dbpedia.org/property/publicaci�n ,
 http://es.dbpedia.org/property/sucesora ,
 http://es.dbpedia.org/property/url ,
 http://es.dbpedia.org/property/vicegobernador ,
 http://es.dbpedia.org/property/volumen ,
 http://es.dbpedia.org/property/cargosCriminales ,
 http://es.dbpedia.org/property/situaci�nPenal ,
 http://dbpedia.org/ontology/wikiPageRedirects ,
 http://es.dbpedia.org/property/2data ,
 http://es.dbpedia.org/property/autor ,
 http://es.dbpedia.org/property/a�osDeServicio ,
 http://es.dbpedia.org/property/cabecera ,
 http://es.dbpedia.org/property/condecoraciones ,
 http://es.dbpedia.org/property/fechamuerte ,
 http://es.dbpedia.org/property/gobernador ,
 http://es.dbpedia.org/property/id ,
 http://es.dbpedia.org/property/lealtad ,
 http://es.dbpedia.org/property/lugarmuerte ,
 http://es.dbpedia.org/property/mandos ,
 http://es.dbpedia.org/property/notas ,
 http://es.dbpedia.org/property/otros ,
 http://es.dbpedia.org/property/rama ,
 http://es.dbpedia.org/property/rango ,
 http://es.dbpedia.org/property/subt�tulo ,
 http://es.dbpedia.org/property/vicepresidente ,
 http://es.dbpedia.org/property/1data ,
 http://es.dbpedia.org/property/conocidoPor ,
 http://es.dbpedia.org/property/miembroDe ,
 http://es.dbpedia.org/property/dead ,
 http://es.dbpedia.org/property/idioma ,
 http://es.dbpedia.org/property/predecesora ,
 http://es.dbpedia.org/property/predecesores ,
 http://es.dbpedia.org/property/sucesores ,
 http://es.dbpedia.org/property/traductor ,
 http://dbpedia.org/ontology/wikiPageInterLanguageLink ,
 http://dbpedia.org/ontology/country ,
 http://es.dbpedia.org/property/estadoCivil ,
 http://es.dbpedia.org/property/issn ,
 http://es.dbpedia.org/property/obra ,
 http://es.dbpedia.org/property/urlarchivo ,
 http://es.dbpedia.org/property/altura ,
 http://es.dbpedia.org/property/deporte ,
 http://es.dbpedia.org/property/enelcargo ,
 http://es.dbpedia.org/property/enlaceautor ,
 http://es.dbpedia.org/property/equipoDebut ,
 http://es.dbpedia.org/property/equipoRetiro ,
 http://es.dbpedia.org/property/equipos ,
 http://es.dbpedia.org/property/lugarNacimiento ,
 http://es.dbpedia.org/property/nombrecompleto ,
 http://es.dbpedia.org/property/obrasNotables ,
 http://es.dbpedia.org/property/oponentes ,
 http://es.dbpedia.org/property/peso ,
 http://es.dbpedia.org/property/posici�n ,
 http://es.dbpedia.org/property/retiro ,
 http://es.dbpedia.org/property/t�tulos ,
 http://es.dbpedia.org/property/vicejefe ,
 http://es.dbpedia.org/property/date ,
 http://es.dbpedia.org/property/firma ,
 http://es.dbpedia.org/property/textoimagen ,
 http://es.dbpedia.org/property/list ,
 http://es.dbpedia.org/property/title ,
 http://es.dbpedia.org/property/nominado ,
 http://es.dbpedia.org/property/residence ,
 http://es.dbpedia.org/property/4data ,
 http://es.dbpedia.org/property/designado ,
 http://es.dbpedia.org/property/editor ,
 http://es.dbpedia.org/property/enciclopedia ,
 http://es.dbpedia.org/property/formato ,
 http://es.dbpedia.org/property/smallimage ,
 http://es.dbpedia.org/property/t�tuloTesis ,
 http://es.dbpedia.org/property/a�oTesis ,
 http://es.dbpedia.org/property/c ,
 http://es.dbpedia.org/property/esposa ,
 http://es.dbpedia.org/property/obras ,
 http://es.dbpedia.org/property/p ,
 http://es.dbpedia.org/property/periodo ,
 http://es.dbpedia.org/property/w ,
 http://dbpedia.org/ontology/spouse ,
 http://es.dbpedia.org/property/batallas ,
 http://es.dbpedia.org/property/g�nero ,
 http://es.dbpedia.org/property/nombrename ,
 http://es.dbpedia.org/property/obrasDestacadas ,
 http://es.dbpedia.org/property/origen ,
 http://es.dbpedia.org/property/proyectosRepresentativos ,
 http://es.dbpedia.org/property/significado ,
 http://es.dbpedia.org/property/zona ,
 http://dbpedia.org/ontology/award ,
 http://es.dbpedia.org/property/lugarnac. ,
 http://es.dbpedia.org/property/actividad ,
 http://es.dbpedia.org/property/serie ,
 http://es.dbpedia.org/property/fechaMuerte ,
 http://es.dbpedia.org/property/lugarMuerte ,
 http://es.dbpedia.org/property/unidad ,
 http://es.dbpedia.org/property/facebook ,
 http://es.dbpedia.org/property/fechaarchivo ,
 http://es.dbpedia.org/property/canciller ,
 http://es.dbpedia.org/property/doblador ,
 http://es.dbpedia.org/property/edad ,
 http://es.dbpedia.org/property/familia ,
 http://es.dbpedia.org/property/fechanacimiento ,
 http://es.dbpedia.org/property/listatecnicas ,
 http://es.dbpedia.org/property/nombreEs ,
 http://es.dbpedia.org/property/otrosnombres ,
 http://es.dbpedia.org/property/primeraaparicion ,
 http://es.dbpedia.org/property/procedencia ,
 http://es.dbpedia.org/property/relevancia ,
 http://es.dbpedia.org/property/sangre ,
 http://es.dbpedia.org/property/seiyu ,
 http://es.dbpedia.org/property/sexo ,
 http://es.dbpedia.org/property/tipotecnicas ,
 http://es.dbpedia.org/property/descripci�n ,
 http://es.dbpedia.org/property/juntoA ,
 http://es.dbpedia.org/property/otrosNombres ,
 http://es.dbpedia.org/property/termino ,
 http://es.dbpedia.org/property/titulo ,
 http://es.dbpedia.org/property/hermano ,
 http://es.dbpedia.org/property/lugar ,
 http://es.dbpedia.org/property/preposicion ,
 http://es.dbpedia.org/property/separador ,
 http://es.dbpedia.org/property/finMandato ,
 http://es.dbpedia.org/property/inicioMandato ,
 http://es.dbpedia.org/property/3data ,
 http://es.dbpedia.org/property/apellidoEditor ,
 http://es.dbpedia.org/property/enlaceEditor ,
 http://es.dbpedia.org/property/m�scaraautor ,
 http://es.dbpedia.org/property/nombreEditor ,
 http://es.dbpedia.org/property/revista ,
 http://es.dbpedia.org/property/urlAccess ,
 http://es.dbpedia.org/property/apellidosEditor ,
 http://es.dbpedia.org/property/lugarnacimiento ,
 http://es.dbpedia.org/property/name ,
 http://es.dbpedia.org/property/ocupacion ,
 http://es.dbpedia.org/property/web ,
 http://es.dbpedia.org/property/doi ,
 http://es.dbpedia.org/property/firmaTama�o ,
 http://es.dbpedia.org/property/peri�dico ,
 http://es.dbpedia.org/property/publisher ,
 http://es.dbpedia.org/property/p�gina ,
 http://es.dbpedia.org/property/tama�oImagen ,
 http://es.dbpedia.org/property/piedemagen ,
 http://es.dbpedia.org/property/redesSociales ,
 http://es.dbpedia.org/property/acusaciones ,
 http://es.dbpedia.org/property/f�rmula ,
 http://es.dbpedia.org/property/office ,
 http://dbpedia.org/ontology/orderInOffice ,
 http://es.dbpedia.org/property/a�oPredecesores ,
 http://es.dbpedia.org/property/a�oSucesores ,
 http://es.dbpedia.org/property/fortuna ,
 http://es.dbpedia.org/property/iterSuce ,
 http://es.dbpedia.org/property/nacionalidad(es)_ ,
 http://es.dbpedia.org/property/nacionalidates ,
 http://es.dbpedia.org/property/colega ,
 http://es.dbpedia.org/property/creaci�n ,
 http://es.dbpedia.org/property/precedido ,
 http://es.dbpedia.org/property/primero ,
 http://es.dbpedia.org/property/sede ,
 http://es.dbpedia.org/property/sitio ,
 http://es.dbpedia.org/property/sucesi�n ,
 http://es.dbpedia.org/property/profesion ,
 http://es.dbpedia.org/property/a�oOriginal ,
 http://es.dbpedia.org/property/blog ,
 http://es.dbpedia.org/property/intendente ,
 http://es.dbpedia.org/property/a�osActivo ,
 http://es.dbpedia.org/property/pieDeFoto ,
 http://es.dbpedia.org/property/pieescudo ,
 http://es.dbpedia.org/property/�rea ,
 http://es.dbpedia.org/property/sitioRedesSociales ,
 http://es.dbpedia.org/property/congregaci�n ,
 http://es.dbpedia.org/property/conocido ,
 http://es.dbpedia.org/property/datos ,
 http://es.dbpedia.org/property/etiqueta ,
 http://es.dbpedia.org/property/fin ,
 http://es.dbpedia.org/property/jstor ,
 http://es.dbpedia.org/property/fechafal ,
 http://es.dbpedia.org/property/oclc ,
 http://es.dbpedia.org/property/pieImagen ,
 http://es.dbpedia.org/property/agencia ,
 http://es.dbpedia.org/property/birthPlace ,
 http://es.dbpedia.org/property/booktitle ,
 http://es.dbpedia.org/property/chapter ,
 http://es.dbpedia.org/property/contenido ,
 http://es.dbpedia.org/property/editor1First ,
 http://es.dbpedia.org/property/editor1Last ,
 http://es.dbpedia.org/property/editor2First ,
 http://es.dbpedia.org/property/editor2Last ,
 http://es.dbpedia.org/property/first ,
 http://es.dbpedia.org/property/jefe ,
 http://es.dbpedia.org/property/last ,
 http://es.dbpedia.org/property/pie ,
 http://es.dbpedia.org/property/year ,
 http://es.dbpedia.org/property/estado ,
 http://es.dbpedia.org/property/instrumento ,
 http://es.dbpedia.org/property/relacionados ,
 http://es.dbpedia.org/property/partidopol�tico ,
 http://es.dbpedia.org/property/ref ,
 http://es.dbpedia.org/property/hermanos ,
 http://es.dbpedia.org/property/ignoreIsbnError ,
 http://es.dbpedia.org/property/estatus ,
 http://es.dbpedia.org/property/journal ,
 http://es.dbpedia.org/property/nota ,
 http://es.dbpedia.org/property/others ,
 http://es.dbpedia.org/property/partidos ,
 http://es.dbpedia.org/property/servicio ,
 http://es.dbpedia.org/property/sined ,
 http://es.dbpedia.org/property/width ,
 http://es.dbpedia.org/property/zar ,
 http://es.dbpedia.org/property/cat ,
 http://es.dbpedia.org/property/coautores ,
 http://es.dbpedia.org/property/insignias ,
 http://es.dbpedia.org/property/misiones ,
 http://es.dbpedia.org/property/t ,
 http://es.dbpedia.org/property/tama�oimagen ,
 http://es.dbpedia.org/property/vicepresidenta ,
 http://es.dbpedia.org/property/gobernadora ,
 http://es.dbpedia.org/property/consagraci�n ,
 http://es.dbpedia.org/property/mandato ,
 http://es.dbpedia.org/property/pp ,
 http://es.dbpedia.org/property/teniente ,
 http://es.dbpedia.org/property/tipo ,
 http://es.dbpedia.org/property/estatura ,
 http://es.dbpedia.org/property/succesor ,
 http://es.dbpedia.org/property/madre ,
 http://es.dbpedia.org/property/padre ,
 http://es.dbpedia.org/property/subtitulo ,
 http://es.dbpedia.org/property/vivi�En ,
 http://es.dbpedia.org/property/a�oFin ,
 http://es.dbpedia.org/property/a�oInicio ,
 http://es.dbpedia.org/property/empresa ,
 http://es.dbpedia.org/property/alm�mater ,
 http://es.dbpedia.org/property/comuna ,
 http://es.dbpedia.org/property/editor1Link ,
 http://es.dbpedia.org/property/editor3First ,
 http://es.dbpedia.org/property/editor3Last ,
 http://es.dbpedia.org/property/nationalidad ,
 http://es.dbpedia.org/property/transTitle ,
 http://es.dbpedia.org/property/alianza ,
 http://es.dbpedia.org/property/author ,
 http://es.dbpedia.org/property/empleos ,
 http://es.dbpedia.org/property/encyclopedia ,
 http://es.dbpedia.org/property/muerte ,
 http://es.dbpedia.org/property/pages ,
 http://es.dbpedia.org/property/alcalde ,
 http://es.dbpedia.org/property/align ,
 http://es.dbpedia.org/property/fuente ,
 http://es.dbpedia.org/property/gobrnador ,
 http://es.dbpedia.org/property/pieFoto ,
 http://es.dbpedia.org/property/quote ,
 http://es.dbpedia.org/property/website ,
 http://es.dbpedia.org/property/conyuge ,
 http://es.dbpedia.org/property/viceprimerministro ,
 http://es.dbpedia.org/property/authorlink ,
 http://es.dbpedia.org/property/bandera ,
 http://es.dbpedia.org/property/hangul ,
 http://es.dbpedia.org/property/hanja ,
 http://es.dbpedia.org/property/lenguaLiteraria ,
 http://es.dbpedia.org/property/location ,
 http://es.dbpedia.org/property/lugarDeEntierro ,
 http://es.dbpedia.org/property/colwidth ,
 http://es.dbpedia.org/property/eponimo ,
 http://es.dbpedia.org/property/sufColega ,
 http://es.dbpedia.org/property/lugarDeResidencia ,
 http://es.dbpedia.org/property/t�tulotrad ,
 http://es.dbpedia.org/property/imagesize ,
 http://es.dbpedia.org/property/origyear ,
 http://es.dbpedia.org/property/s ,
 http://es.dbpedia.org/property/editorFirst ,
 http://es.dbpedia.org/property/editorLast ,
 http://es.dbpedia.org/property/fechaDeMuerte ,
 http://es.dbpedia.org/property/lugarDeDesaparici�n ,
 http://es.dbpedia.org/property/magazine ,
 http://es.dbpedia.org/property/patidoPol�tico ,
 http://es.dbpedia.org/property/almamater ,
 http://es.dbpedia.org/property/textoImagen ,
 http://es.dbpedia.org/property/mr ,
 http://es.dbpedia.org/property/reinado ,
 http://es.dbpedia.org/property/rr ,
 http://es.dbpedia.org/property/1a ,
 http://es.dbpedia.org/property/1p ,
 http://es.dbpedia.org/property/1pp ,
 http://es.dbpedia.org/property/1ps ,
 http://es.dbpedia.org/property/1y ,
 http://es.dbpedia.org/property/2a ,
 http://es.dbpedia.org/property/2p ,
 http://es.dbpedia.org/property/2pp ,
 http://es.dbpedia.org/property/2ps ,
 http://es.dbpedia.org/property/2y ,
 http://es.dbpedia.org/property/3a ,
 http://es.dbpedia.org/property/3p ,
 http://es.dbpedia.org/property/3pp ,
 http://es.dbpedia.org/property/3ps ,
 http://es.dbpedia.org/property/3y ,
 http://es.dbpedia.org/property/4a ,
 http://es.dbpedia.org/property/4p ,
 http://es.dbpedia.org/property/4y ,
 http://es.dbpedia.org/property/ancho ,
 http://es.dbpedia.org/property/direcci�n ,
 http://es.dbpedia.org/property/foto ,
 http://es.dbpedia.org/property/texto ,
 http://es.dbpedia.org/property/5data ,
 http://es.dbpedia.org/property/posici�nTabla ,
 http://es.dbpedia.org/property/ep�grafe ,
 http://es.dbpedia.org/property/educadaEn ,
 http://es.dbpedia.org/property/causaDeMuerte ,
 http://es.dbpedia.org/property/fechaDeFallecimient ,
 http://es.dbpedia.org/property/secretario ,
 http://es.dbpedia.org/property/nombreReal ,
 http://es.dbpedia.org/property/p�ginaWeb ,
 http://es.dbpedia.org/property/secretarioGeneral ,
 http://es.dbpedia.org/property/wikidata ,
 http://es.dbpedia.org/property/alineaci�nFoto ,
 http://es.dbpedia.org/property/alineaci�nTexto ,
 http://es.dbpedia.org/property/posici�nT�tulo ,
 http://es.dbpedia.org/property/primerMinistro ,
 http://es.dbpedia.org/property/estudios ,
 http://es.dbpedia.org/property/c�nyugue ,
 http://es.dbpedia.org/property/premio ,
 http://es.dbpedia.org/property/antecesor ,
 http://es.dbpedia.org/property/apodos ,
 http://es.dbpedia.org/property/presidenciaDe ,
 http://es.dbpedia.org/property/fechaPublicaci�n ,
 http://es.dbpedia.org/property/lugarPublicaci�n ,
 http://es.dbpedia.org/property/n�meroAutores ,
 http://es.dbpedia.org/property/almam�terSas ,
 http://es.dbpedia.org/property/politico ,
 http://es.dbpedia.org/property/autores ,
 http://es.dbpedia.org/property/imagenTama�o ,
 http://es.dbpedia.org/property/hijos/as ,
 http://es.dbpedia.org/property/birthname ,
 http://dbpedia.org/ontology/birthName ,
 http://es.dbpedia.org/property/citaC�lebre ,
 http://es.dbpedia.org/property/gobernadorgeneral ,
 http://es.dbpedia.org/property/1blankname ,
 http://dbpedia.org/ontology/deathDate ,
 http://es.dbpedia.org/property/educado ,
 http://es.dbpedia.org/property/postgrados ,
 http://es.dbpedia.org/property/t�tuloTrad ,
 http://es.dbpedia.org/property/presidenteDeLaRepublica ,
 http://es.dbpedia.org/property/premier ,
 http://es.dbpedia.org/property/instagram ,
 http://es.dbpedia.org/property/iterColega ,
 http://es.dbpedia.org/property/iterPrede ,
 http://es.dbpedia.org/property/orden ,
 http://es.dbpedia.org/property/portal ,
 http://es.dbpedia.org/property/morir ,
 http://es.dbpedia.org/property/nacer ,
 http://es.dbpedia.org/property/nationality ,
 http://es.dbpedia.org/property/ciudadania ,
 http://es.dbpedia.org/property/fallecimiento ,
 http://es.dbpedia.org/property/nacimiento ,
 http://es.dbpedia.org/property/suplente ,
 http://es.dbpedia.org/property/hijo ,
 http://es.dbpedia.org/property/religion ,
 http://es.dbpedia.org/property/junetoa ,
 http://es.dbpedia.org/property/c�nyuges ,
 http://es.dbpedia.org/property/movimiento ,
 http://es.dbpedia.org/property/tama�oEscudo ,
 http://es.dbpedia.org/property/a�oFallecimiento ,
 http://es.dbpedia.org/property/a�oNacimiento ,
 http://es.dbpedia.org/property/d�aFallecimiento ,
 http://es.dbpedia.org/property/d�aNacimiento ,
 http://es.dbpedia.org/property/porcentajeVotosEnBlanco ,
 http://es.dbpedia.org/property/color ,
 http://es.dbpedia.org/property/elecci�n ,
 http://es.dbpedia.org/property/porcentaje ,
 http://es.dbpedia.org/property/t�tuloNombres ,
 http://es.dbpedia.org/property/votos ,
 http://es.dbpedia.org/property/votosEnBlanco ,
 http://es.dbpedia.org/property/mostrarEsca�os ,
 http://es.dbpedia.org/property/porcentajeParticipaci�n ,
 http://es.dbpedia.org/property/porcentajeVotosNulos ,
 http://es.dbpedia.org/property/porcentajeVotosV�lidos ,
 http://es.dbpedia.org/property/t�tuloPartidos ,
 http://es.dbpedia.org/property/votosEmitidos ,
 http://es.dbpedia.org/property/votosNulos ,
 http://es.dbpedia.org/property/votosV�lidos ,
 http://es.dbpedia.org/property/vuelta ,
 http://es.dbpedia.org/property/contribution ,
 http://es.dbpedia.org/property/edition ,
 http://es.dbpedia.org/property/place ,
 http://es.dbpedia.org/property/volume ,
 http://dbpedia.org/property/name ,
 http://es.dbpedia.org/property/oficio ,
 http://es.dbpedia.org/property/fechaNacimiento ,
 http://es.dbpedia.org/property/termEnd ,
 http://es.dbpedia.org/property/termStart ,
 http://dbpedia.org/property/birthPlace ,
 http://dbpedia.org/ontology/birthDate ,
 http://dbpedia.org/ontology/wikiPageWikiLink ,
 http://es.dbpedia.org/property/ieimagen ,
 http://dbpedia.org/ontology/office ,
 http://dbpedia.org/property/wikiPageUsesTemplate ,
 http://dbpedia.org/ontology/region ,
 http://dbpedia.org/property/residence ,
 http://purl.org/linguistics/gold/hypernym ,
 http://www.w3.org/2000/01/rdf-schema#seeAlso ,
 http://xmlns.com/foaf/0.1/depiction ,
 http://dbpedia.org/ontology/originalName ,
 http://dbpedia.org/property/nativeNameLang ,
 http://dbpedia.org/property/order ,
 http://dbpedia.org/ontology/almaMater ,
 http://dbpedia.org/ontology/education ,
 http://dbpedia.org/ontology/parent ,
 http://dbpedia.org/ontology/relation ,
 http://dbpedia.org/ontology/thumbnail ,
 http://dbpedia.org/property/after ,
 http://dbpedia.org/property/alt ,
 http://dbpedia.org/property/before ,
 http://dbpedia.org/property/birthName ,
 http://dbpedia.org/property/occupation ,
 http://dbpedia.org/property/years ,
 http://dbpedia.org/property/nativeName ,
 http://dbpedia.org/ontology/signature ,
 http://dbpedia.org/ontology/termPeriod ,
 http://dbpedia.org/property/website ,
 http://dbpedia.org/property/caption ,
 http://dbpedia.org/property/children ,
 http://dbpedia.org/property/education ,
 http://dbpedia.org/property/id ,
 http://dbpedia.org/property/n ,
 http://dbpedia.org/property/s ,
 http://dbpedia.org/property/signature ,
 http://dbpedia.org/property/title ,
 http://dbpedia.org/property/wikt ,
 http://dbpedia.org/property/wordnet_type ,
 http://schema.org/sameAs ,
 http://dbpedia.org/property/knownFor ,
 http://dbpedia.org/property/awards ,
 http://dbpedia.org/property/vicepresident ,
 http://dbpedia.org/property/office ,
 http://dbpedia.org/property/parents ,
 http://dbpedia.org/property/termStart ,
 http://dbpedia.org/property/alongside ,
 http://dbpedia.org/property/by ,
 http://dbpedia.org/property/commons ,
 http://dbpedia.org/property/d ,
 http://dbpedia.org/property/district ,
 http://dbpedia.org/property/float ,
 http://dbpedia.org/property/onlinebooks ,
 http://dbpedia.org/property/predecessor ,
 http://dbpedia.org/property/q ,
 http://dbpedia.org/property/sSearch ,
 http://dbpedia.org/property/viaf ,
 http://dbpedia.org/property/video ,
 http://dbpedia.org/property/state ,
 http://dbpedia.org/property/primeminister ,
 http://dbpedia.org/property/relatives ,
 http://dbpedia.org/property/party ,
 http://dbpedia.org/property/birthDate ,
 http://dbpedia.org/property/successor ,
 http://dbpedia.org/property/termEnd ,
 http://dbpedia.org/property/as ,
 http://dbpedia.org/property/congresses ,
 http://dbpedia.org/property/jr/sr ,
 http://dbpedia.org/property/nSearch ,
 http://dbpedia.org/property/signatureAlt ,
 http://dbpedia.org/property/stateSenate ,
 http://dbpedia.org/property/wiktSearch ,
 http://dbpedia.org/property/almaMater ,
 http://dbpedia.org/property/spouse ,
 http://dbpedia.org/property/constituency ,
 http://es.dbpedia.org/property/predeceso ,
 http://es.dbpedia.org/property/conyugue ,
 http://es.dbpedia.org/property/debut ,
 http://es.dbpedia.org/property/debutInternacional ,
 http://es.dbpedia.org/property/fechaFallecimiento ,
 http://es.dbpedia.org/property/lugarFallecimiento ,
 http://es.dbpedia.org/property/vecesInternacional ,
 http://es.dbpedia.org/property/vicepreidente ,
 http://es.dbpedia.org/property/coronaci�n ,
 http://es.dbpedia.org/property/dinast�a ,
 http://es.dbpedia.org/property/heredero ,
 http://es.dbpedia.org/property/influenciadoPor ,
 http://es.dbpedia.org/property/primo ,
 http://es.dbpedia.org/property/hermanas ,
 http://es.dbpedia.org/property/article ,
 http://es.dbpedia.org/property/relaciones ,
 http://es.dbpedia.org/property/bgcolor ,
 http://es.dbpedia.org/property/source ,
 http://es.dbpedia.org/property/urlcap�tulo ,
 http://es.dbpedia.org/property/video ,
 http://es.dbpedia.org/property/canon ,
 http://es.dbpedia.org/property/especie ,
 http://es.dbpedia.org/property/listaextra ,
 http://es.dbpedia.org/property/nombreJa ,
 http://es.dbpedia.org/property/nombreJaLatino ,
 http://es.dbpedia.org/property/organizaci�n ,
 http://es.dbpedia.org/property/raza ,
 http://es.dbpedia.org/property/tipoextra ,
 http://es.dbpedia.org/property/caption ,
 http://es.dbpedia.org/property/cargos ,
 http://es.dbpedia.org/property/direction ,
 http://es.dbpedia.org/property/image ,
 http://es.dbpedia.org/property/a�osActiva ,
 http://es.dbpedia.org/property/birthName ,
 http://es.dbpedia.org/property/fechaDeFalleciemiento ,
 http://es.dbpedia.org/property/link ,
 http://es.dbpedia.org/property/premiosAriel ,
 http://es.dbpedia.org/property/honorificSuffix ,
 http://es.dbpedia.org/property/patrimonio ,
 http://es.dbpedia.org/property/colecci�n ,
 http://es.dbpedia.org/property/language ,
 http://es.dbpedia.org/property/sinpp ,
 http://es.dbpedia.org/property/nieta ,
 http://es.dbpedia.org/property/bisnieto ,
 http://es.dbpedia.org/property/height ,
 http://es.dbpedia.org/property/encontradoEn ,
 http://es.dbpedia.org/property/derogaci�n ,
 http://es.dbpedia.org/property/d�aCreado ,
 http://es.dbpedia.org/property/d�aRatificado ,
 http://es.dbpedia.org/property/funci�n ,
 http://es.dbpedia.org/property/promulgaci�n ,
 http://es.dbpedia.org/property/magister ,
 http://es.dbpedia.org/property/circunscripci�n ,
 http://es.dbpedia.org/property/predecessor ,
 http://es.dbpedia.org/property/successor ,
 http://es.dbpedia.org/property/cita ,
 http://es.dbpedia.org/property/imdb ,
 http://es.dbpedia.org/property/t�aAbuela ,
 http://es.dbpedia.org/property/hija ,
 http://es.dbpedia.org/property/nietos ,
 http://es.dbpedia.org/property/vicegobernadora ,
 http://es.dbpedia.org/property/alt ,
 http://es.dbpedia.org/property/archivo ,
 http://es.dbpedia.org/property/totalWidth ,
 http://es.dbpedia.org/property/parttido ,
 http://es.dbpedia.org/property/ci ,
 http://es.dbpedia.org/property/colorDeCabello ,
 http://es.dbpedia.org/property/colorDeOjos ,
 http://es.dbpedia.org/property/imagemSize ,
 http://es.dbpedia.org/property/group ,
 http://es.dbpedia.org/property/sucedidoPor ,
 http://es.dbpedia.org/property/vicealcalde ,
 http://es.dbpedia.org/property/amante ,
 http://es.dbpedia.org/property/director ,
 http://es.dbpedia.org/property/localizaci�n ,
 http://es.dbpedia.org/property/medio ,
 http://es.dbpedia.org/property/pubPeri�dica ,
 http://es.dbpedia.org/property/disoluci�nDeLaRevuelta ,
 http://es.dbpedia.org/property/mes ,
 http://es.dbpedia.org/property/lugarDeSepultura ,
 http://es.dbpedia.org/property/cir ,
 http://es.dbpedia.org/property/rom ,
 http://es.dbpedia.org/property/nombreEnCastellano ,
 http://es.dbpedia.org/property/medioDeComunicaci�n ,
 http://es.dbpedia.org/property/piefoto ,
 http://es.dbpedia.org/property/art�culo ,
 http://es.dbpedia.org/property/escritor ,
 http://es.dbpedia.org/property/signatarios ,
 http://es.dbpedia.org/property/persona ,
 http://es.dbpedia.org/property/tiempo ,
 http://es.dbpedia.org/property/�lmaMater ,
 http://es.dbpedia.org/property/consorte ,
 http://es.dbpedia.org/property/descendencia ,
 http://es.dbpedia.org/property/a�oDebut ,
 http://es.dbpedia.org/property/a�oRetiro ,
 http://es.dbpedia.org/property/ocpaci�n ,
 http://es.dbpedia.org/property/6data ,
 http://es.dbpedia.org/property/distinciones ,
 http://es.dbpedia.org/property/fondoDeT�tulo ,
 http://es.dbpedia.org/property/vicecanciller ,
 http://es.dbpedia.org/property/maestr�a ,
 http://es.dbpedia.org/property/oieDeFoto ,
 http://es.dbpedia.org/property/jr/sr ,
 http://es.dbpedia.org/property/partidoPolitico ,
 http://es.dbpedia.org/property/c�nguge ,
 http://es.dbpedia.org/property/ministro ,
 http://es.dbpedia.org/property/rangoMilitar ,
 http://es.dbpedia.org/property/piedeimagen ,
 http://es.dbpedia.org/property/luganac ,
 http://es.dbpedia.org/property/salario ,
 http://es.dbpedia.org/property/tama�oDeEscudo ,
 http://es.dbpedia.org/property/b ,
 http://es.dbpedia.org/property/d ,
 http://es.dbpedia.org/property/display ,
 http://es.dbpedia.org/property/lema ,
 http://es.dbpedia.org/property/n ,
 http://es.dbpedia.org/property/species ,
 http://es.dbpedia.org/property/v ,
 http://es.dbpedia.org/property/voy ,
 http://es.dbpedia.org/property/wikt ,
 http://es.dbpedia.org/property/appointed ,
 http://es.dbpedia.org/property/consecration ,
 http://es.dbpedia.org/property/ended ,
 http://es.dbpedia.org/property/enthroned ,
 http://es.dbpedia.org/property/parliament ,
 http://es.dbpedia.org/property/otherPost ,
 http://es.dbpedia.org/property/authorformat ,
 http://es.dbpedia.org/property/exCargo ,
 http://es.dbpedia.org/property/estudiantesDoctorales ,
 http://es.dbpedia.org/property/monarch ,
 http://dbpedia.org/ontology/monarch ,
 http://es.dbpedia.org/property/urlCap�tulo ,
 http://es.dbpedia.org/property/fechafallecimiento ,
 http://es.dbpedia.org/property/par ,
 http://es.dbpedia.org/property/lugarfallecimientoc ,
 http://es.dbpedia.org/property/alineaci�n ,
 http://es.dbpedia.org/property/anchoBarra ,
 http://es.dbpedia.org/property/encabezado ,
 http://es.dbpedia.org/property/t�tuloInferior ,
 http://es.dbpedia.org/property/t�tuloSuperior ,
 http://es.dbpedia.org/property/piedefoto ,
 http://es.dbpedia.org/property/alumnoDe ,
 http://es.dbpedia.org/property/estudiantes ,
 http://es.dbpedia.org/property/otrosPartidos ,
 http://es.dbpedia.org/property/editorLink ,
 http://es.dbpedia.org/property/area ,
 http://es.dbpedia.org/property/lugarNac ,
 http://es.dbpedia.org/property/golesInternacional ,
 http://es.dbpedia.org/property/placeOfBirth ,
 http://es.dbpedia.org/property/imageSize ,
 http://es.dbpedia.org/property/nominator ,
 http://es.dbpedia.org/property/causamuerte ,
 http://es.dbpedia.org/property/tituloNobiliario ,
 http://es.dbpedia.org/property/party ,
 http://es.dbpedia.org/property/exc�nyuge ,
 http://es.dbpedia.org/property/grupo ,
 http://es.dbpedia.org/property/series ,
 http://es.dbpedia.org/property/escudo2puta ,
 http://es.dbpedia.org/property/tp ,
 http://es.dbpedia.org/property/presidenta(interina)_ ,
 http://es.dbpedia.org/property/especializaci�n ,
 http://es.dbpedia.org/property/pmc ,
 http://es.dbpedia.org/property/pmid ,
 http://es.dbpedia.org/property/escalaf�n ,
 http://es.dbpedia.org/property/hijas ,
 http://es.dbpedia.org/property/campos ,
 http://es.dbpedia.org/property/blank ,
 http://es.dbpedia.org/property/data ,
 http://es.dbpedia.org/property/fechaNac ,
 http://es.dbpedia.org/property/club ,
 http://es.dbpedia.org/property/equipo ,
 http://es.dbpedia.org/property/liga ,
 http://es.dbpedia.org/property/partidPol�tico ,
 http://es.dbpedia.org/property/pieEscudo ,
 http://es.dbpedia.org/property/titular ,
 http://es.dbpedia.org/property/origen�tnico ,
 http://es.dbpedia.org/property/blogg ,
 http://es.dbpedia.org/property/entierro ,
 http://es.dbpedia.org/property/conflicto ,
 http://es.dbpedia.org/property/duraci�n ,
 http://es.dbpedia.org/property/logo ,
 http://es.dbpedia.org/property/nombreBatalla ,
 http://es.dbpedia.org/property/resultado ,
 http://es.dbpedia.org/property/work ,
 http://es.dbpedia.org/property/bsize ,
 http://es.dbpedia.org/property/cwidth ,
 http://es.dbpedia.org/property/description ,
 http://es.dbpedia.org/property/otop ,
 http://es.dbpedia.org/property/nietas ,
 http://es.dbpedia.org/property/embajadorDe ,
 http://es.dbpedia.org/property/ministroRelExt ,
 http://es.dbpedia.org/property/honorificPrefix ,
 http://es.dbpedia.org/property/awards ,
 http://es.dbpedia.org/property/afi ,
 http://es.dbpedia.org/property/a�os ,
 http://es.dbpedia.org/property/abreviaturaEnBot�nica ,
 http://es.dbpedia.org/property/mail ,
 http://es.dbpedia.org/property/mostrarIm�genes ,
 http://es.dbpedia.org/property/mostrarNombres ,
 http://es.dbpedia.org/property/especialidad ,
 http://es.dbpedia.org/property/accessdate ,
 http://es.dbpedia.org/property/agency ,
 http://es.dbpedia.org/property/archivedate ,
 http://es.dbpedia.org/property/archiveurl ,
 http://es.dbpedia.org/property/authorLink ,
 http://es.dbpedia.org/property/issue ,
 http://es.dbpedia.org/property/newspaper ,
 http://es.dbpedia.org/property/page ,
 http://es.dbpedia.org/property/via ,
 http://es.dbpedia.org/property/urlStatus ,
 http://es.dbpedia.org/property/abuelos ,
 http://es.dbpedia.org/property/programa ,
 http://es.dbpedia.org/property/pocupaci�n ,
 http://es.dbpedia.org/property/nombreDeCompleto ,
 http://es.dbpedia.org/property/miembro ,
 http://es.dbpedia.org/property/or�gen ,
 http://es.dbpedia.org/property/tipocabecera ,
 http://es.dbpedia.org/property/urlTesis ,
 http://es.dbpedia.org/property/captura ,
 http://es.dbpedia.org/property/diputado ,
 http://es.dbpedia.org/property/1namedata ,
 http://es.dbpedia.org/property/embajador ,
 http://es.dbpedia.org/property/pais ,
 http://es.dbpedia.org/property/fechamurte ,
 http://es.dbpedia.org/property/lugarDeNac ,
 http://es.dbpedia.org/property/deadurl ,
 http://es.dbpedia.org/property/df ,
 http://es.dbpedia.org/property/golesClubes ,
 http://es.dbpedia.org/property/lugarDeMuerte ,
 http://es.dbpedia.org/property/sepultura ,
 http://es.dbpedia.org/property/acr�nimo ,
 http://es.dbpedia.org/property/enlaceAutor ,
 http://es.dbpedia.org/property/resumen ,
 http://es.dbpedia.org/property/otrosMandos ,
 http://es.dbpedia.org/property/c�nyuge ,
 http://es.dbpedia.org/property/dictador ,
 http://es.dbpedia.org/property/profesi�n ,
 http://es.dbpedia.org/property/surname ,
 http://es.dbpedia.org/property/master ,
 http://es.dbpedia.org/property/presidenteDelBancoCentralDelUruguay ,
 http://es.dbpedia.org/property/educacion ,
 http://es.dbpedia.org/property/alias ,
 http://es.dbpedia.org/property/influencias ,
 http://dbpedia.org/ontology/citizenship ,
 http://es.dbpedia.org/property/nombreCristian ,
 http://es.dbpedia.org/property/batallas/guerras ,
 http://es.dbpedia.org/property/comando ,
 http://es.dbpedia.org/property/servicioMilitar ,
 http://es.dbpedia.org/property/alto ,
 http://es.dbpedia.org/property/fondoDeTexto ,
 http://es.dbpedia.org/property/perrow ,
 http://es.dbpedia.org/property/ditrito ,
 http://es.dbpedia.org/property/president ,
 http://dbpedia.org/ontology/president ,
 http://es.dbpedia.org/property/lider ,
 http://es.dbpedia.org/property/salign ,
 http://es.dbpedia.org/property/nombreNacimiento ,
 http://es.dbpedia.org/property/puntofinal ,
 http://es.dbpedia.org/property/separadorAutores ,
 http://es.dbpedia.org/property/consejero ,
 http://es.dbpedia.org/property/nombreEstudio ,
 http://es.dbpedia.org/property/nombreCorrecto ,
 http://es.dbpedia.org/property/tama�oDeFoto ,
 http://es.dbpedia.org/property/tama�oFirma ,
 http://es.dbpedia.org/property/ch ,
 http://es.dbpedia.org/property/leyenda ,
 http://es.dbpedia.org/property/ordenaci�n ,
 http://es.dbpedia.org/property/sub�tulo ,
 http://es.dbpedia.org/property/bando ,
 http://es.dbpedia.org/property/campo ,
 http://es.dbpedia.org/property/order ,
 http://es.dbpedia.org/property/condecoraci�n ,
 http://es.dbpedia.org/property/asociaciones ,
 http://es.dbpedia.org/property/descripci�nImagen ,
 http://es.dbpedia.org/property/lugarnc ,
 http://es.dbpedia.org/property/occupaci�n ,
 http://es.dbpedia.org/property/languagesSpoken ,
 http://es.dbpedia.org/property/bgcolour ,
 http://es.dbpedia.org/property/birthDate ,
 http://es.dbpedia.org/property/entrenamiento ,
 http://es.dbpedia.org/property/field ,
 http://es.dbpedia.org/property/minicio ,
 http://es.dbpedia.org/property/works ,
 http://es.dbpedia.org/property/ideolog�a ,
 http://es.dbpedia.org/property/nieto ,
 http://es.dbpedia.org/property/eduacaci�n ,
 http://es.dbpedia.org/property/cementerio ,
 http://es.dbpedia.org/property/red ,
 http://es.dbpedia.org/property/sig ,
 http://es.dbpedia.org/property/deathDate ,
 http://es.dbpedia.org/property/deathPlace ,
 http://es.dbpedia.org/property/licenciatura ,
 http://es.dbpedia.org/property/oficina ,
 http://es.dbpedia.org/property/primeminister ,
 http://dbpedia.org/ontology/primeMinister ,
 http://es.dbpedia.org/property/nombramiento ,
 http://es.dbpedia.org/property/nombreEnEspa�ol ,
 http://es.dbpedia.org/property/perfilDeEstherCuestaSantanaUmassAmherst ,
 http://es.dbpedia.org/property/mados ,
 http://es.dbpedia.org/property/a�osActividad ,
 http://es.dbpedia.org/property/�rganoJudicial ,
 http://es.dbpedia.org/property/residenci� ,
 http://es.dbpedia.org/property/vicerectoradministrativo ,
 http://es.dbpedia.org/property/vicerectordocente ,
 http://es.dbpedia.org/property/vicerectorextension ,
 http://es.dbpedia.org/property/vicerectorinvestigacion ,
 http://es.dbpedia.org/property/ciuadan�a ,
 http://es.dbpedia.org/property/enlace ,
 http://es.dbpedia.org/property/pSon30ieimagen ,
 http://es.dbpedia.org/property/fundador ,
 http://es.dbpedia.org/property/situaci�nActual ,
 http://es.dbpedia.org/property/conocidaPor ,
 http://es.dbpedia.org/property/pRedecesor ,
 http://es.dbpedia.org/property/precesor ,
 http://es.dbpedia.org/property/lugardef ,
 http://es.dbpedia.org/property/participoEn ,
 http://es.dbpedia.org/property/viceprimerministra ,
 http://es.dbpedia.org/property/abuelo ,
 http://es.dbpedia.org/property/compa��aDiscogr�fica ,
 http://es.dbpedia.org/property/years ,
 http://es.dbpedia.org/property/programas ,
 http://es.dbpedia.org/property/supervisoraDoctoral ,
 http://es.dbpedia.org/property/gradoAcad�mico ,
 http://es.dbpedia.org/property/ali�s ,
 http://es.dbpedia.org/property/precedesor ,
 http://es.dbpedia.org/property/nombreNac ,
 http://dbpedia.org/property/deathPlace ,
 http://dbpedia.org/property/nationality ,
 http://dbpedia.org/property/president ,
 http://dbpedia.org/property/deathDate ,
 http://dbpedia.org/property/termLabel ,
 http://es.dbpedia.org/property/cap�tuloTrad ,
 http://es.dbpedia.org/property/premiosGloboDeOro ,
 http://es.dbpedia.org/property/situaci�nSentimental ,
 http://es.dbpedia.org/property/presidencia ,
 http://es.dbpedia.org/property/a�osActivos ,
 http://es.dbpedia.org/property/fechaDeDefunci�n ,
 http://es.dbpedia.org/property/cargoActual ,
 http://es.dbpedia.org/property/fechamue ,
 http://es.dbpedia.org/property/luagrnac ,
 http://es.dbpedia.org/property/posgrados ,
 http://es.dbpedia.org/property/lccn ,
 http://es.dbpedia.org/property/ocupacii�n ,
 http://es.dbpedia.org/property/esposas ,
 http://es.dbpedia.org/property/anchoTotal ,
 http://es.dbpedia.org/property/enlaceeditor ,
 http://es.dbpedia.org/property/hijastro ,
 http://es.dbpedia.org/property/insignia ,
 http://es.dbpedia.org/property/cadena ,
 http://es.dbpedia.org/property/dialecto ,
 http://es.dbpedia.org/property/presidenta ,
 http://es.dbpedia.org/property/procesos(enInvestigaci�n)_ ,
 http://es.dbpedia.org/property/sobrino ,
 http://es.dbpedia.org/property/suceso ,
 http://es.dbpedia.org/property/primerminis ,
 http://es.dbpedia.org/property/�lmaM�ter ,
 http://es.dbpedia.org/property/campa�as ,
 http://es.dbpedia.org/property/fechadef ,
 http://es.dbpedia.org/property/l�der ,
 http://es.dbpedia.org/property/en ,
 http://es.dbpedia.org/property/float ,
 http://es.dbpedia.org/property/motivo ,
 http://es.dbpedia.org/property/otrosPremios ,
 http://es.dbpedia.org/property/premiosCondor ,
 http://es.dbpedia.org/property/premiosGoya ,
 http://es.dbpedia.org/property/premiosSanSebastian ,
 http://es.dbpedia.org/property/youtube ,
 http://es.dbpedia.org/property/nombreOficial ,
 http://es.dbpedia.org/property/tenienteDeGobernador ,
 http://es.dbpedia.org/property/imageWidth ,
 http://es.dbpedia.org/property/nombrado ,
 http://es.dbpedia.org/property/campo1Nombre ,
 http://es.dbpedia.org/property/labels ,
 http://es.dbpedia.org/property/sufijo ,
 http://es.dbpedia.org/property/instituci�n ,
 http://es.dbpedia.org/property/beatificaci�n ,
 http://es.dbpedia.org/property/obispo ,
 http://es.dbpedia.org/property/aportaciones ,
 http://es.dbpedia.org/property/distrto ,
 http://es.dbpedia.org/property/fondo ,
 http://es.dbpedia.org/property/voz ,
 http://es.dbpedia.org/property/nacionalida ,
 http://es.dbpedia.org/property/fechanace ,
 http://es.dbpedia.org/property/canal ,
 http://es.dbpedia.org/property/detalle ,
 http://es.dbpedia.org/property/cargocargo ,
 http://es.dbpedia.org/property/procuradora ,
 http://es.dbpedia.org/property/educadoEn ,
 http://es.dbpedia.org/property/nombreEnPersa ,
 http://es.dbpedia.org/property/alamaMater ,
 http://es.dbpedia.org/property/enOficina ,
 http://es.dbpedia.org/property/a�osEnSevicioMilitar ,
 http://www.w3.org/2003/01/geo/wgs84_pos#lat ,
 http://www.w3.org/2003/01/geo/wgs84_pos#long ,
 http://www.georss.org/georss/point ,
 http://es.dbpedia.org/property/iterEpon ,
 http://es.dbpedia.org/property/coordinadoraGeneral ,
 http://es.dbpedia.org/property/dobladorEspa�a ,
 http://es.dbpedia.org/property/dobladorHispanoam�rica ,
 http://es.dbpedia.org/property/imagenPie ,
 http://es.dbpedia.org/property/imdbId ,
 http://es.dbpedia.org/property/lbl ,
 http://es.dbpedia.org/property/postscript ,
 http://es.dbpedia.org/property/primera ,
 http://es.dbpedia.org/property/lugarDeDefunci�n ,
 http://es.dbpedia.org/property/educacip�n ,
 http://es.dbpedia.org/property/publicationPlace ,
 http://es.dbpedia.org/property/almamatter ,
 http://es.dbpedia.org/property/parientes ,
 http://es.dbpedia.org/property/pag ,
 http://es.dbpedia.org/property/sv ,
 http://es.dbpedia.org/property/vol ,
 http://es.dbpedia.org/property/pagina ,
 http://es.dbpedia.org/property/listas ,
 http://es.dbpedia.org/property/relacionado ,
 http://es.dbpedia.org/property/similares ,
 http://es.dbpedia.org/property/v�aseTambi�n ,
 http://es.dbpedia.org/property/sitioInternet ,
 http://es.dbpedia.org/property/causaDeLaMuerte ,
 http://es.dbpedia.org/property/coautor ,
 http://es.dbpedia.org/property/court ,
 http://es.dbpedia.org/property/litigants ,
 http://es.dbpedia.org/property/opinion ,
 http://es.dbpedia.org/property/pinpoint ,
 http://es.dbpedia.org/property/reporter ,
 http://es.dbpedia.org/property/formaci�n ,
 http://es.dbpedia.org/property/t�rmino ,
 http://es.dbpedia.org/property/control ,
 http://es.dbpedia.org/property/esposo ,
 http://es.dbpedia.org/property/pmin ,
 http://es.dbpedia.org/property/audio ,
 http://es.dbpedia.org/property/topic ,
 http://es.dbpedia.org/property/descripcion ,
 http://es.dbpedia.org/property/branch ,
 http://dbpedia.org/ontology/militaryBranch ,
 http://es.dbpedia.org/property/preposici�n ,
 http://es.dbpedia.org/property/fechaDeNacimiento�_ ,
 http://es.dbpedia.org/property/twiter ,
 http://es.dbpedia.org/property/liberalDeDerechaDistrito ,
 http://es.dbpedia.org/property/prefecto ,
 http://es.dbpedia.org/property/lucarnac ,
 http://es.dbpedia.org/property/linkedin ,
 http://es.dbpedia.org/property/nome ,
 http://es.dbpedia.org/property/valore ,
 http://es.dbpedia.org/property/apoodo ,
 http://es.dbpedia.org/property/imagenBandera ,
 http://es.dbpedia.org/property/imagenEscudo ,
 http://es.dbpedia.org/property/sucesr ,
 http://es.dbpedia.org/property/alamaM�ter ,
 http://es.dbpedia.org/property/diputados ,
 http://es.dbpedia.org/property/predeceso2r ,
 http://es.dbpedia.org/property/posici�nTexto ,
 http://es.dbpedia.org/property/archiveUrl ,
 http://es.dbpedia.org/property/archiveDate ,
 http://es.dbpedia.org/property/deadUrl ,
 http://es.dbpedia.org/property/tenienteDeAlcalde ,
 http://es.dbpedia.org/property/designadoCargo ,
 http://es.dbpedia.org/property/designadoPor ,
 http://es.dbpedia.org/property/vicesecretariaGeneralDeEstudiosYProgramasDelPartidoPopular ,
 http://es.dbpedia.org/property/comidaFavorita ,
 http://es.dbpedia.org/property/lugaranac ,
 http://es.dbpedia.org/property/fina ,
 http://es.dbpedia.org/property/predecesor7;_ ,
 http://es.dbpedia.org/property/selecci�n ,
 http://es.dbpedia.org/property/webOficial ,
 http://es.dbpedia.org/property/pipieimagen ,
 http://es.dbpedia.org/property/nacionalifaf ,
 http://es.dbpedia.org/property/concubina ,
 http://es.dbpedia.org/property/relations ,
 http://es.dbpedia.org/property/bg ,
 http://es.dbpedia.org/property/label ,
 http://es.dbpedia.org/property/label2Size ,
 http://es.dbpedia.org/property/label3Size ,
 http://es.dbpedia.org/property/label4Size ,
 http://es.dbpedia.org/property/labelSize ,
 http://es.dbpedia.org/property/lat ,
 http://es.dbpedia.org/property/long ,
 http://es.dbpedia.org/property/pos ,
 http://es.dbpedia.org/property/position ,
 http://es.dbpedia.org/property/wikiqoutes ,
 http://es.dbpedia.org/property/p�ginaOficial ,
 http://es.dbpedia.org/property/premiosAtv ,
 http://es.dbpedia.org/property/premiosOndas ,
 http://es.dbpedia.org/property/premiosTpDeOro ,
 http://es.dbpedia.org/property/enemigos ,
 http://es.dbpedia.org/property/actoresDeDoblajeHispanoam�rica ,
 http://es.dbpedia.org/property/actorDeDoblajeEspa�a ,
 http://es.dbpedia.org/property/dedicaci�n ,
 http://es.dbpedia.org/property/auteur ,
 http://es.dbpedia.org/property/ocupaciones ,
 http://es.dbpedia.org/property/domicilioElectoral ,
 http://es.dbpedia.org/property/este ,
 http://es.dbpedia.org/property/para ,
 http://es.dbpedia.org/property/nombreArtistico ,
 http://es.dbpedia.org/property/webPage ,
 http://es.dbpedia.org/property/pseudonimo ,
 http://es.dbpedia.org/property/a�osactivo ,
 http://es.dbpedia.org/property/premiosAntenaDeOro ,
 http://es.dbpedia.org/property/nomber ,
 http://es.dbpedia.org/property/fechaDeLaMuerte ,
 http://es.dbpedia.org/property/incio ,
 http://es.dbpedia.org/property/anterior ,
 http://es.dbpedia.org/property/imagentama�o ,
 http://es.dbpedia.org/property/influy�En ,
 http://es.dbpedia.org/property/instituci�nDeTrabajo ,
 http://es.dbpedia.org/property/lugarDeNacimento ,
 http://es.dbpedia.org/property/dimensiones ,
 http://es.dbpedia.org/property/material ,
 http://es.dbpedia.org/property/visir ,
 http://es.dbpedia.org/property/juantoa ,
 http://es.dbpedia.org/property/candidato ,
 http://es.dbpedia.org/property/secretarioDelAyuntamiento ,
 http://es.dbpedia.org/property/gobierno ,
 http://es.dbpedia.org/property/afiliacion ,
 http://es.dbpedia.org/property/abstenci�n ,
 http://es.dbpedia.org/property/inscritos ,
 http://es.dbpedia.org/property/porcentajeAbstenci�n ,
 http://es.dbpedia.org/property/titulos ,
 http://es.dbpedia.org/property/yerno ,
 http://es.dbpedia.org/property/fecgaDeNacimiento ,
 http://es.dbpedia.org/property/distrit ,
 http://es.dbpedia.org/property/nacionality ,
 http://es.dbpedia.org/property/kEtiqueta ,
 http://es.dbpedia.org/property/kNom ,
 http://es.dbpedia.org/property/lugarrec ,
 http://es.dbpedia.org/property/imagenes ,
 http://es.dbpedia.org/property/parlamento ,
 http://es.dbpedia.org/property/prefijoHonr�fico ,
 http://es.dbpedia.org/property/antencesor ,
 http://es.dbpedia.org/property/distritoElectoral ,
 http://es.dbpedia.org/property/diputadaFederalLxiiiLegislatura ,
 http://es.dbpedia.org/property/presidentaMunicipalDeTultitl�n ,
 http://es.dbpedia.org/property/t�os ,
 http://es.dbpedia.org/property/tamano ,
 http://es.dbpedia.org/property/predesor ,
 http://es.dbpedia.org/property/battles ,
 http://dbpedia.org/ontology/battle ,
 http://es.dbpedia.org/property/actor ,
 http://es.dbpedia.org/property/aliados ,
 http://es.dbpedia.org/property/colorTexto ,
 http://es.dbpedia.org/property/creador ,
 http://es.dbpedia.org/property/episodio ,
 http://es.dbpedia.org/property/�ltima ,
 http://es.dbpedia.org/property/conference ,
 http://es.dbpedia.org/property/vicedirectora ,
 http://es.dbpedia.org/property/afiliaci�n ,
 http://es.dbpedia.org/property/p�ginaweb ,
 http://es.dbpedia.org/property/causaDeFallecimiento ,
 http://es.dbpedia.org/property/nombradoPor ,
 http://es.dbpedia.org/property/fechaDeFallecimietno ,
 http://es.dbpedia.org/property/lugarDeFallecimietno ,
 http://es.dbpedia.org/property/xej ,
 http://es.dbpedia.org/property/ej�rcito ,
 http://es.dbpedia.org/property/situci�nPenal ,
 http://es.dbpedia.org/property/mapa ,
 http://es.dbpedia.org/property/mapaPie ,
 http://es.dbpedia.org/property/alma�ater ,
 http://es.dbpedia.org/property/carrerasComenzadas ,
 http://es.dbpedia.org/property/competici�n ,
 http://es.dbpedia.org/property/fechaDeRetiro ,
 http://es.dbpedia.org/property/poles ,
 http://es.dbpedia.org/property/startpage ,
 http://es.dbpedia.org/property/supp ,
 http://es.dbpedia.org/property/otrosT�tulos ,
 http://es.dbpedia.org/property/�lbumexitoso ,
 http://es.dbpedia.org/property/lastauthoramp ,
 http://es.dbpedia.org/property/apodo(s)_ ,
 http://es.dbpedia.org/property/diaconadoPor ,
 http://es.dbpedia.org/property/episcopadoPor ,
 http://es.dbpedia.org/property/iglesia ,
 http://es.dbpedia.org/property/presbiteradoPor ,
 http://es.dbpedia.org/property/causa ,
 http://es.dbpedia.org/property/lingua ,
 http://es.dbpedia.org/property/accesso ,
 http://es.dbpedia.org/property/urlarchivio ,
 http://es.dbpedia.org/property/urlmorto ,
 http://es.dbpedia.org/property/sitoweb ,
 http://es.dbpedia.org/property/bisnietos ,
 http://es.dbpedia.org/property/tama�oDeLaImagen ,
 http://es.dbpedia.org/property/almaM�ster ,
 http://es.dbpedia.org/property/comentario ,
 http://es.dbpedia.org/property/lugaract ,
 http://es.dbpedia.org/property/imagenLeyenda ,
 http://es.dbpedia.org/property/legenda ,
 http://es.dbpedia.org/property/sobrina ,
 http://es.dbpedia.org/property/enElCargo ,
 http://es.dbpedia.org/property/z ,
 http://es.dbpedia.org/property/sucessor ,
 http://es.dbpedia.org/property/cupaci�n ,
 http://es.dbpedia.org/property/lijst ,
 http://es.dbpedia.org/property/lugarDefunci�n ,
 http://es.dbpedia.org/property/volgende ,
 http://es.dbpedia.org/property/vorige ,
 http://es.dbpedia.org/property/conexiones ,
 http://es.dbpedia.org/property/estudiosPrimariosYSecundarios ,
 http://es.dbpedia.org/property/postgrado ,
 http://es.dbpedia.org/property/tamimagen ,
 http://es.dbpedia.org/property/authormask ,
 http://es.dbpedia.org/property/2cargo ,
 http://es.dbpedia.org/property/fanpage ,
 http://es.dbpedia.org/property/servicioMilitary ,
 http://es.dbpedia.org/property/primos ,
 http://es.dbpedia.org/property/wstitle ,
 http://es.dbpedia.org/property/noprescript ,
 http://es.dbpedia.org/property/t�tuloNobiliario ,
 http://es.dbpedia.org/property/fechaDeFallecimineto ,
 http://es.dbpedia.org/property/lugarDeFallecimineto ,
 http://es.dbpedia.org/property/commons ,
 http://es.dbpedia.org/property/congbio ,
 http://es.dbpedia.org/property/congress ,
 http://es.dbpedia.org/property/fec ,
 http://es.dbpedia.org/property/m ,
 http://es.dbpedia.org/property/votesmart ,
 http://es.dbpedia.org/property/wikiquote ,
 http://es.dbpedia.org/property/wikisource ,
 http://es.dbpedia.org/property/generoBisexual(noBinario)Pareja ,
 http://es.dbpedia.org/property/mw ,
 http://es.dbpedia.org/property/campeonato ,
 http://es.dbpedia.org/property/carreras ,
 http://es.dbpedia.org/property/podios ,
 http://es.dbpedia.org/property/pronunciaci�n ,
 http://es.dbpedia.org/property/vicesecretario ,
 http://es.dbpedia.org/property/lemaFamiliar ,
 http://es.dbpedia.org/property/padrse ,
 http://es.dbpedia.org/property/pedroPreciado ,
 http://es.dbpedia.org/property/poj ,
 http://es.dbpedia.org/property/victorias ,
 http://es.dbpedia.org/property/vueltasR�pidas ,
 http://es.dbpedia.org/property/abr ,
 http://es.dbpedia.org/property/educacionSecundaria ,
 http://es.dbpedia.org/property/primeraDama ,
 http://es.dbpedia.org/property/lugarnaC ,
 http://es.dbpedia.org/property/number ,
 http://es.dbpedia.org/property/cantidad ,
 http://es.dbpedia.org/property/antes ,
 http://es.dbpedia.org/property/copr�ncipes ,
 http://es.dbpedia.org/property/suscripci�n ,
 http://es.dbpedia.org/property/estandartePresidencial ,
 http://es.dbpedia.org/property/minutos ,
 http://es.dbpedia.org/property/transcripci�nurl ,
 http://es.dbpedia.org/property/predecesor4&nbsp;&nbsp;_ ,
 http://es.dbpedia.org/property/contributionUrl ,
 http://es.dbpedia.org/property/periodical ,
 http://es.dbpedia.org/property/relig�on ,
 http://es.dbpedia.org/property/cy ,
 http://es.dbpedia.org/property/encurso ,
 http://es.dbpedia.org/property/fechaElecci�n ,
 http://es.dbpedia.org/property/nombreElecci�n ,
 http://es.dbpedia.org/property/votantes ,
 http://es.dbpedia.org/property/barras ,
 http://es.dbpedia.org/property/colorBarras ,
 http://es.dbpedia.org/property/porcentajeBarras ,
 http://es.dbpedia.org/property/carg ,
 http://es.dbpedia.org/property/assesinado ,
 http://es.dbpedia.org/property/fuentebiogr�fica ,
 http://es.dbpedia.org/property/nombrenac ,
 http://es.dbpedia.org/property/prefijohonor�fico ,
 http://es.dbpedia.org/property/sufijohonor�fico ,
 http://es.dbpedia.org/property/distritro ,
 http://es.dbpedia.org/property/lugarmuertec ,
 http://es.dbpedia.org/property/sucesivo ,
 http://es.dbpedia.org/property/distinci�nHonor�fica ,
 http://es.dbpedia.org/property/legislatura ,
 http://es.dbpedia.org/property/tituloDeGrado ,
 http://es.dbpedia.org/property/paginaWeb ,
 http://es.dbpedia.org/property/particip�En ,
 http://es.dbpedia.org/property/plataforma ,
 http://es.dbpedia.org/property/pseud�nimo ,
 http://es.dbpedia.org/property/rectoraInterina ,
 http://es.dbpedia.org/property/fechafall ,
 http://es.dbpedia.org/property/lugarfall ,
 http://es.dbpedia.org/property/art ,
 http://es.dbpedia.org/property/selecci�nNacionalPer�odo ,
 http://es.dbpedia.org/property/distrtito ,
 http://es.dbpedia.org/property/alumno ,
 http://es.dbpedia.org/property/estudiante ,
 http://es.dbpedia.org/property/commands ,
 http://dbpedia.org/ontology/militaryCommand ,
 http://es.dbpedia.org/property/escudoAlmaM�ter ,
 http://es.dbpedia.org/property/membres�as ,
 http://es.dbpedia.org/property/b%3CscriptSrc ,
 http://es.dbpedia.org/property/luarmuerte ,
 http://es.dbpedia.org/property/naconalidad ,
 http://es.dbpedia.org/property/fuerza ,
 http://es.dbpedia.org/property/libro ,
 http://es.dbpedia.org/property/v�stago ,
 http://es.dbpedia.org/property/general ,
 http://es.dbpedia.org/property/shortlink ,
 http://es.dbpedia.org/property/conyug� ,
 http://es.dbpedia.org/property/knownFor ,
 http://es.dbpedia.org/property/occupation ,
 http://es.dbpedia.org/property/relativos ,
 http://es.dbpedia.org/property/lugarDeFalleicmiento ,
 http://es.dbpedia.org/property/anno ,
 http://es.dbpedia.org/property/autore ,
 http://es.dbpedia.org/property/nacionlidad ,
 http://es.dbpedia.org/property/nomeurl ,
 http://es.dbpedia.org/property/c�nyuge(...2014)_ ,
 http://es.dbpedia.org/property/rama�o ,
 http://es.dbpedia.org/property/distinci�n ,
 http://es.dbpedia.org/property/mascota ,
 http://es.dbpedia.org/property/nacido ,
 http://es.dbpedia.org/property/wikinoticias ,
 http://es.dbpedia.org/property/piefirma ,
 http://es.dbpedia.org/property/objeto ,
 http://es.dbpedia.org/property/c�nyuge(s)_ ,
 http://es.dbpedia.org/property/canalYoutube ,
 http://es.dbpedia.org/property/ecudo ,
 http://es.dbpedia.org/property/causadelamuerte ,
 http://es.dbpedia.org/property/exC�nyuge ,
 http://es.dbpedia.org/property/oficios ,
 http://es.dbpedia.org/property/segundasNupcias ,
 http://es.dbpedia.org/property/institutoDeSeguridadYServiciosSocialesDeLosTrabajadoresDelEstado ,
 http://es.dbpedia.org/property/webSite ,
 http://es.dbpedia.org/property/8data ,
 http://es.dbpedia.org/property/prefesi�n ,
 http://es.dbpedia.org/property/jefeDeEstado ,
 http://es.dbpedia.org/property/nombrereal ,
 http://es.dbpedia.org/property/google+_ ,
 http://es.dbpedia.org/property/nativeNameLang ,
 http://es.dbpedia.org/property/clases ,
 http://es.dbpedia.org/property/lugaDeNacimiento ,
 http://es.dbpedia.org/property/novia ,
 http://es.dbpedia.org/property/directorSupremo ,
 http://es.dbpedia.org/property/sucesorInterino ,
 http://es.dbpedia.org/property/des ,
 http://es.dbpedia.org/property/nombres ,
 http://es.dbpedia.org/property/departamento ,
 http://es.dbpedia.org/property/author1First ,
 http://es.dbpedia.org/property/author1Last ,
 http://es.dbpedia.org/property/author2First ,
 http://es.dbpedia.org/property/author2Last ,
 http://es.dbpedia.org/property/apartado ,
 http://es.dbpedia.org/property/interpretacionesNotables ,
 http://es.dbpedia.org/property/projecto ,
 http://es.dbpedia.org/property/vicepresiente ,
 http://es.dbpedia.org/property/canciler ,
 http://es.dbpedia.org/property/signature ,
 http://es.dbpedia.org/property/accessDate ,
 http://es.dbpedia.org/property/per�odoDeActividad ,
 http://es.dbpedia.org/property/educaci�nPrimaria ,
 http://es.dbpedia.org/property/hijosDeSuPrimerMatrimonioConLaSe�oraBertaEstherBaptista ,
 http://es.dbpedia.org/property/flick ,
 http://es.dbpedia.org/property/type ,
 http://es.dbpedia.org/property/2loc ,
 http://es.dbpedia.org/property/cargosOcupados ,
 http://es.dbpedia.org/property/imagenTexto ,
 http://es.dbpedia.org/property/trabajos ,
 http://es.dbpedia.org/property/ocupaci�nActual ,
 http://es.dbpedia.org/property/ramaMilitar ,
 http://es.dbpedia.org/property/escud ,
 http://dbpedia.org/property/congbio ,
 http://dbpedia.org/property/fec ,
 http://dbpedia.org/property/votesmart ,
 http://dbpedia.org/property/class ,
 http://es.dbpedia.org/property/poagrado ,
 http://es.dbpedia.org/property/alam�ter ,
 http://dbpedia.org/property/branch ,
 http://dbpedia.org/property/rank ,
 http://dbpedia.org/property/serviceyears ,
 http://dbpedia.org/ontology/militaryService ,
 http://dbpedia.org/property/honorificSuffix ,
 http://dbpedia.org/property/honorificPrefix ,
